{
    "accuracy": 0.6153846153846154,
    "precision": 0.7159090909090909,
    "recall": 0.7590361445783133,
    "f1": 0.7368421052631579,
    "roc_auc": 0.6537916371367823
}