{
    "accuracy": 0.6239316239316239,
    "precision": 0.7142857142857143,
    "recall": 0.7831325301204819,
    "f1": 0.7471264367816092,
    "roc_auc": 0.6394401133947555
}