{
    "accuracy": 0.7094017094017094,
    "precision": 0.7094017094017094,
    "recall": 1.0,
    "f1": 0.83,
    "roc_auc": 0.6038270729978739
}