{
    "accuracy": 0.6837606837606838,
    "precision": 0.7346938775510204,
    "recall": 0.8674698795180723,
    "f1": 0.7955801104972375,
    "roc_auc": 0.7289156626506025
}