{
    "accuracy": 0.6581196581196581,
    "precision": 0.7087378640776699,
    "recall": 0.8795180722891566,
    "f1": 0.7849462365591398,
    "roc_auc": 0.6798369950389794
}