{
    "accuracy": 0.6752136752136753,
    "precision": 0.7586206896551724,
    "recall": 0.7951807228915663,
    "f1": 0.7764705882352941,
    "roc_auc": 0.6920623671155208
}