{
  "dataset": "Diabetes",
  "model": "KNN",
  "metrics": {
    "accuracy": 0.7012987012987013,
    "precision": 0.5833333333333334,
    "recall": 0.5185185185185185,
    "f1": 0.5490196078431373,
    "roc_auc": 0.7404629629629629
  },
  "best_params": {
    "clf__n_neighbors": 5,
    "clf__p": 2,
    "clf__weights": "uniform"
  }
}