{
  "dataset": "Diabetes",
  "model": "XGBoost",
  "metrics": {
    "accuracy": 0.7662337662337663,
    "precision": 0.6730769230769231,
    "recall": 0.6481481481481481,
    "f1": 0.660377358490566,
    "roc_auc": 0.8261111111111111
  },
  "best_params": {
    "clf__colsample_bytree": 1.0,
    "clf__learning_rate": 0.03,
    "clf__max_depth": 5,
    "clf__n_estimators": 200,
    "clf__subsample": 0.8
  }
}