{
  "dataset": "Diabetes",
  "model": "SVM",
  "metrics": {
    "accuracy": 0.7207792207792207,
    "precision": 0.6222222222222222,
    "recall": 0.5185185185185185,
    "f1": 0.5656565656565656,
    "roc_auc": 0.8264814814814815
  },
  "best_params": {
    "clf__C": 50,
    "clf__gamma": 0.001,
    "clf__kernel": "rbf"
  }
}