{
  "dataset": "Diabetes",
  "model": "DecisionTree",
  "metrics": {
    "accuracy": 0.7922077922077922,
    "precision": 0.6964285714285714,
    "recall": 0.7222222222222222,
    "f1": 0.7090909090909091,
    "roc_auc": 0.782685185185185
  },
  "best_params": {
    "clf__criterion": "entropy",
    "clf__max_depth": 5,
    "clf__min_samples_leaf": 2,
    "clf__min_samples_split": 6
  }
}