{
  "dataset": "Diabetes",
  "model": "RandomForest",
  "metrics": {
    "accuracy": 0.7662337662337663,
    "precision": 0.6956521739130435,
    "recall": 0.5925925925925926,
    "f1": 0.64,
    "roc_auc": 0.8238888888888889
  },
  "best_params": {
    "clf__max_depth": null,
    "clf__max_features": 0.6,
    "clf__min_samples_leaf": 4,
    "clf__n_estimators": 400
  }
}