{
  "dataset": "Diabetes",
  "model": "LightGBM",
  "metrics": {
    "accuracy": 0.7597402597402597,
    "precision": 0.6808510638297872,
    "recall": 0.5925925925925926,
    "f1": 0.6336633663366337,
    "roc_auc": 0.8253703703703703
  },
  "best_params": {
    "clf__learning_rate": 0.01,
    "clf__n_estimators": 400,
    "clf__num_leaves": 31,
    "clf__subsample": 0.6
  }
}