{
  "dataset": "Diabetes",
  "model": "GradientBoosting",
  "metrics": {
    "accuracy": 0.7532467532467533,
    "precision": 0.6538461538461539,
    "recall": 0.6296296296296297,
    "f1": 0.6415094339622641,
    "roc_auc": 0.8275925925925927
  },
  "best_params": {
    "clf__learning_rate": 0.03,
    "clf__max_depth": 3,
    "clf__n_estimators": 700
  }
}