{
  "dataset": "Heart",
  "model": "CatBoost",
  "metrics": {
    "accuracy": 0.9333333333333333,
    "precision": 1.0,
    "recall": 0.8571428571428571,
    "f1": 0.9230769230769231,
    "roc_auc": 0.9776785714285714
  },
  "best_params": {
    "clf__depth": 6,
    "clf__iterations": 200,
    "clf__learning_rate": 0.01
  }
}