{
  "dataset": "Heart",
  "model": "LightGBM",
  "metrics": {
    "accuracy": 0.8333333333333334,
    "precision": 0.875,
    "recall": 0.75,
    "f1": 0.8076923076923077,
    "roc_auc": 0.9341517857142857
  },
  "best_params": {
    "clf__learning_rate": 0.1,
    "clf__n_estimators": 200,
    "clf__num_leaves": 31,
    "clf__subsample": 0.6
  }
}