{
  "dataset": "Heart",
  "model": "GaussianNB",
  "metrics": {
    "accuracy": 0.8666666666666667,
    "precision": 1.0,
    "recall": 0.7142857142857143,
    "f1": 0.8333333333333334,
    "roc_auc": 0.9129464285714285
  },
  "best_params": {
    "clf__var_smoothing": 1e-09
  }
}